subject_id,sex,age_baseline,d4z4,dux4_signature_baseline_R,dux4_signature_baseline_L,lag_months_baseline,lag_months_y1,lag_months_y2,ff_baseline_R,ff_y1_R,ff_y2_R,ff_baseline_L,ff_y1_L,ff_y2_L,fvar_baseline_R,fvar_y1_R,fvar_y2_R,fvar_baseline_L,fvar_y1_L,fvar_y2_L,stir_quant_baseline_R,stir_quant_y1_R,stir_quant_baseline_L,stir_quant_y1_L,dorsiflexion_qmt_R_baseline,dorsiflexion_qmt_R_y1,dorsiflexion_qmt_R_y2,dorsiflexion_qmt_L_baseline,dorsiflexion_qmt_L_y1,dorsiflexion_qmt_L_y2,tug_time_baseline,tug_time_y1,tug_time_y2,wr_10_baseline,wr_10_y1,wr_10_y2,ascend_4_baseline,ascend_4_y1,ascend_4_y2,descend_4_baseline,descend_4_y1,descend_4_y2,clinical_severity_score_baseline,clinical_severity_score_y1,clinical_severity_score_y2
1-0019,M,47.06,4,0.060426491,0.052981656,0,11.74,22.78,5.977253243,6.785542518,6.697656959,8.342245221,11.00852638,8.099226654,9.676763415,9.398363531,10.13057902,13.73327523,12.87526935,12.84376532,0,0,0,0,32.7,30.7,28.9,33.2,33.4,32.2,6.1,6.08,6.08,3.13,2.57,2.52,1.89,2.13,1.63,1.76,1.84,1.64,2,3,3
1-0020,F,24.28,4,0.029323951,0.085610632,0,16.8,,10.82563624,,,15.03417939,,,13.88228834,,,17.77147204,,,0,,1.056202297,,18.5,22.9,,22.8,26,,6.65,7.7,,4.45,4.07,,2.15,2.5,,1.89,2.07,,4,6,
1-0021,M,36.42,6,0.056945511,0.264634237,0,12.2,23.51,3.346368298,5.089992657,4.268400371,5.343575776,5.853162706,6.205074489,5.127196014,6.609766185,6.295771897,11.83108538,11.19936854,12.21713722,0,5.05988024,0,7.669217187,27.5,30.9,30.5,29.6,28.5,26.3,6.65,6.59,6.81,2.58,2.66,2.65,1.4,1.6,1.76,1.52,1.4,1.39,0,0,1
1-0022,F,59.43,2,0.877066547,0.217579668,0,13.35,24.82,5.476658791,6.841612607,6.429617852,6.627583504,8.644678444,8.138670027,9.129983932,11.09827012,10.37561595,12.17121109,15.02087712,13.60268742,0,6.835417094,0,5.034283652,21.2,21.8,20.2,19.7,22.5,21.1,6.53,7.31,8.22,4.07,4.84,4.44,1.97,2.15,1.97,1.87,2.25,2.27,3,3,2
1-0023,M,63.92,5,2.694203595,2.876636011,0,11.97,24.39,26.59668028,,,26.44289136,,,27.14612782,,,25.40955842,,,39.50334031,24.44768502,32.74798291,31.54284889,13.2,10.7,,13.6,12.4,,6.08,6.33,6.09,3.77,3.71,3.59,2.32,2.26,2.2,2,2.13,2.15,4,4,6
1-0024,M,36.94,7,0.038642698,0.06679709,0,11.97,22.13,8.298934251,8.033901453,8.413974196,10.65972447,10.28825194,10.82807556,10.99091694,10.61945558,10.99111661,13.11247945,13.06244284,13.95773143,0,5.300581771,0,19.24028777,33.2,30.5,33.4,35.1,27.1,35.8,5.9,6.14,5.88,2.5,2.63,2.4,1.82,1.97,1.89,1.77,1.89,1.72,3,3,2
1-0025,F,61.67,5,0.116767965,0.456561919,0,12.69,25.38,9.510766715,11.7339246,11.54428273,12.37901375,14.32154179,14.6920234,13.10512722,15.92451632,16.6672498,16.13424867,17.99045503,19.11102682,0,,0,,9.8,9.8,12.4,11.1,13,10.6,7.1,8.51,7.07,6.83,7.58,6.71,3.25,2.85,2.95,3.19,2.89,2.81,6,7,6
1-0026,F,22.49,7,0.269543538,2.024060024,0,12.43,23.84,11.94783375,11.29846349,12.17018738,12.69986778,14.03972059,15.30079544,16.18528813,14.28712606,15.8122927,16.85406417,18.16094518,19.09897178,2.376237624,27.95219408,33.58840768,25.86824203,12.3,8.1,6.1,19,16.4,16.5,6.39,6.34,5.71,4.9,5.09,5.35,1.93,2.34,2.33,1.88,1.82,2.18,6,6,5
1-0028,M,39.64,5,0.419893229,0.171499573,0,12,24.49,5.450934917,5.139673874,5.643544719,7.26936534,6.464257091,7.896789163,10.03841832,9.781891853,10.82876623,12.3284094,10.17208472,12.62806803,0,12.75336468,,7.225318471,32.9,16.1,29.1,31.3,18.2,22.2,6.88,6.53,7.15,3.57,3.7,3.76,2.46,2.66,1.83,2.39,2.58,1.53,3,3,6
1-0029,F,37,8,0.029904128,0.09761313,0,11.74,23.84,3.634286672,5.195679143,4.63860184,5.675200373,7.408776879,5.977338552,6.226358935,7.935573906,7.852851599,11.17403209,13.51270378,11.65620387,0,,0.524505589,,18.4,18.8,20.3,16,15.7,15.9,6.5,7.08,6.34,3.32,3.58,4.08,1.85,1.69,1.84,2.21,1.75,1.72,5,5,5
1-0030,M,59.12,7,1.252446928,4.161204093,0,12.66,24.26,16.47025347,16.56793803,20.2741757,10.76517627,11.59711108,13.79279047,26.25291646,26.07759237,27.83689499,17.04365015,16.93514735,19.51184571,29.0582404,13.46512495,21.10621904,15.60744254,19.1,16.4,15.4,20.8,18.7,17.3,7.51,6.7,7.72,3.03,3.7,3.53,1.82,2.6,2.25,1.35,1.59,1.5,5,6,3
1-0031,F,49.82,6,0.026563058,0.087149599,0,24.3,24.3,12.69095838,8.391553909,,14.18777704,9.829375893,,16.79800898,11.99260727,,18.80345494,13.75370473,,21.38698119,,30.25615844,,15.6,22,25.1,15.9,25.3,24,8.4,8.45,8.21,3.87,3.47,3.75,2.39,1.88,2.13,2.18,1.59,1.94,3,3,3
13-0001,M,28.86,4,0.10817167,0.248307093,0,12.2,,5.850324035,6.114412472,,9.168229252,8.590974659,,9.675054252,10.00473201,,13.64095062,13.71265352,,0,,,,37.2,29.9,,37.5,30.9,,5.39,5.2,,2.62,2.76,,1.91,1.73,,1.65,1.48,,3,2,
13-0002,M,20.85,5,0.48530868,1.337202015,0,12.23,35.57,4.723446444,4.258244857,3.929177672,6.154644489,7.372470945,5.60894832,9.310919791,8.249220997,7.879348844,11.40566021,12.88869232,11.25323996,0,,0,,25.5,25.9,19.9,24.8,23,22.2,5.2,5.08,6.1,3.1,2.7,3.04,1.8,1.89,1.95,1.6,1.55,1.39,3,4,3
13-0003,M,63.21,6,1.704670035,2.05622597,0,12.39,38.04,6.489562243,6.686212411,8.903837204,19.86114383,24.88451435,40.34093618,12.36548796,12.84679471,15.17086029,24.83706474,26.41015182,28.4938097,0,,47.02219816,,20.3,8.8,12.8,19.4,11.8,6.7,5.24,6.62,6.9,4.24,4.2,4.6,1.89,2.43,3,1.43,2.29,2.4,5,3,5
13-0004,F,29.65,4,0.708672315,0.091262637,0,12.26,36.89,7.528644055,10.97939387,13.2105723,10.0962244,13.00866604,13.18863183,11.96161509,13.98170143,15.22935927,13.95612061,15.79841822,15.07031173,17.65869995,,0,,9.6,11.1,12.8,17.3,14.9,18,7.91,8.04,5.62,4.59,4.52,4.5,3.61,3.51,2.85,2.79,3.22,2.65,5,7,6
13-0005,M,56.84,9,0.109343772,0.12732069,0,11.97,36.1,9.988279641,9.399402887,10.29927216,8.71181339,10.12910604,11.70577376,14.79632109,13.92750293,14.93439206,12.3664014,14.15775865,15.73505621,0,1.767131357,0,1.47850427,17,19,24,20.6,15.8,12.9,8.09,7.46,5.56,4.52,4.4,4.53,3.12,3.15,2.91,3.36,3.01,2.81,3,3,3
13-0006,M,68.84,7,,4.404039031,0,12.33,36,70.87881565,72.36853838,72.96741554,42.40381122,51.5994072,60.56318721,24.00109321,23.68770987,23.09152456,29.76681292,27.89298892,25.09306987,19.24625544,19.53263497,58.50238663,50.20802879,,,,,,,7.8,7.7,6.8,6.6,7,7.6,3.5,3.7,3.6,2.7,2.7,3.2,6,5,7
13-0007,M,29.64,2,0.36506302,4.877619808,0,11.77,26.27,14.4410938,15.17640203,19.59114819,12.17695326,15.14361203,20.64656734,19.52074021,18.13149303,18.12951307,17.61951745,17.11511612,20.14360786,0,58.4590074,,54.9834498,2.5,3.2,2.1,4.4,3.9,2,6.14,7.4,7.2,3.33,3.4,3.7,3.16,3.5,3.1,2.69,3.4,3.3,5,5,5
13-0008,F,47.64,4,,,0,12.53,22.92,73.30877185,74.66640472,69.4986701,79.37086225,81.16863966,76.9690752,21.57471031,20.36295682,22.66739309,19.063963,18.78157258,21.1675182,0.137958218,7.989690722,0.34270858,9.618476831,6.2,,4.6,3.8,,2.8,15.8,19.2,13.1,13.3,16.6,10.9,10.3,9.9,8.5,10.5,8.7,9,8,8,8
13-0009,F,60.8,5,0.510334505,0.293501471,0,12.89,24.95,11.04628891,10.15294418,14.63485358,13.49682957,13.87191564,19.12173495,15.66881686,14.30740356,18.41392228,17.43542105,16.38276726,22.33917062,0,0,0,0,6.2,6.9,6.3,3.5,6.8,8.3,6.45,6.54,5.39,4.77,4.74,4.68,2.48,2.72,2.61,2.3,2.17,1.99,6,3,6
13-0010,F,48.3,7,2.391671126,0.569648168,0,12.36,24.46,61.82114482,67.45365858,70.520401,65.60559869,68.9609766,68.18425655,23.66245687,23.48653823,22.54571319,21.96113914,21.10562325,22.60492593,29.35030395,14.96077699,55.20933425,24.31681334,,12.6,3.1,,6.4,3.5,11.44,10.39,13.13,8.9,8.26,12.22,7.89,7.87,8.59,4.38,4.75,6.45,7,8,8
13-0011,M,64.67,5,0.50610412,0.025987886,0,11.15,23.15,7.407479733,6.996615442,7.305769455,16.42777324,16.21506717,17.76299888,10.46181321,10.41386237,10.93847433,25.20582974,25.34164943,26.4615452,0,,7.508064516,,8.1,10.6,16.3,10,15.2,13,7.6,7.27,5.96,3.8,4.83,4.93,2.9,2.83,2.89,2.1,2.3,0.24,3,3,3
32-0020,F,53.15,5,4.811111535,6.046161126,0,14.07,,63.7157917,68.36583614,,31.65642917,45.32026947,,25.25873482,24.44674969,,28.89049351,28.3598423,,30.75212293,,30.82292925,,2,,,2.5,,,6.56,9.86,,5.15,5.32,,2.38,4.07,,2.13,3.41,,5,5,
32-0021,M,60.69,2,2.185066781,4.249989621,0,,,78.0795157,,,82.16891885,,,15.48811793,,,14.88182396,,,0,,0,,2.7,,,1.8,,,10.96,,,8.53,,,3.8,,,3.7,,,8,,
32-0022,M,65.08,8,1.697764081,5.727957917,0,13.78,,9.45912376,7.578320056,,23.28559458,23.3616069,,12.39816844,10.67512482,,26.2198925,26.49811804,,0,,29.94914177,,12,,,6.6,,,15.76,10.91,,8.46,6.24,,10.41,4.42,,12.93,5.12,,6,6,
32-0023,F,56.96,9,0.03464878,0.655772184,0,18.18,42.77,8.66118744,10.56772321,10.28061584,11.54651791,13.18754107,11.18694991,12.23243773,12.86090761,10.89985445,15.37332684,15.75424969,13.28730583,11.19214839,8.049745619,4.492908092,6.443221611,10.2,15.1,19.1,9.4,16.4,21.3,7.22,8.42,9,5.58,6.24,6.03,3.3,3.82,4.49,2.58,3.6,4.12,6,6,6
32-0024,F,45.99,8,0.049065075,0.030165188,0,,35.8,7.188731432,,7.317337394,11.27137169,,8.928446472,8.731976151,,7.977616787,14.25240934,,8.889342844,0,,0,,,,20.1,,,19.7,7.59,,6.23,5.02,,3.99,3.08,,2.76,2.93,,2.65,0,,0
32-0025,F,46.68,4,2.377366584,3.549396108,0,11.97,25.08,46.86911404,49.12031591,56.30708337,80.04866838,80.02344966,78.86029482,32.22747743,30.42113185,25.16839206,18.65171939,16.77048653,13.98951709,57.52441126,29.07042254,22.65943012,20.52401747,9.5,12.4,10.6,8.7,11.8,11,11.33,9.32,9.85,8.05,7.05,8.68,4.28,2.26,3.75,3.45,2.32,2.83,5,5,5
32-0026,F,50.55,5,0.103673912,0.028648318,0,17.95,29,6.069756672,7.499174774,7.031390071,9.603599459,9.294933826,8.046089858,7.906728983,10.19513011,7.715456933,14.53874409,13.78980726,10.97157225,0,0.165325692,0,0,20.1,23.1,20.1,16,20.4,18.5,6.9,6.33,7.66,3.18,2.97,3.16,2.26,2.63,2.3,2.23,2.44,1.86,0,0,0
32-0027,F,31.72,3,1.706647363,1.869877336,0,13.12,26.79,7.505872101,5.810789764,8.47067982,60.68028808,64.85446095,68.00091267,11.13404632,7.668817788,9.479998052,21.41203135,19.03626025,16.87274426,5.790223066,8.494654724,57.53941817,25.80446813,8.6,12.3,16,2.1,3.8,2.7,7.4,5.3,5.82,2.93,3.27,3.31,1.59,1.71,1.63,1.33,1.48,1.68,5,5,5
32-0028,M,56.54,4,4.655537764,,0,16.31,,37.45732307,47.56647646,,75.45912862,75.20537376,,27.15419531,25.95886886,,16.81601852,16.93524867,,71.28054241,,63.0861366,,,9.7,,,,,10.29,10.13,,6.88,6.74,,3.66,3.87,,3.75,3.27,,5,5,
32-0029,M,45.32,4,2.382408794,3.502791681,0,12.89,,53.24653387,56.55039549,,68.84990931,70.73293328,,21.44677043,21.99397385,,18.93720925,19.09165233,,72.1157766,33.47604721,70.46300432,6.876095456,,,,,,,8.7,9.3,,6.86,7.58,,3.39,4.28,,3.67,3.95,,6,7,
32-0030,M,28.3,3,0.231344992,0.547708369,0,14.27,25.32,6.01609014,6.584966183,4.391064122,9.677784145,9.244350344,5.163813382,8.640734106,8.966551721,6.339436024,14.26371187,13.88880908,6.538212299,0,6.114480931,0,3.479809015,11.5,23.8,16.9,11.2,19.7,14.6,6.15,7.71,5.97,2.43,2.67,2.29,1.63,1.38,1.57,1.71,1.47,1.41,3,3,3